Snapshot_Date,Prediction_Reference_Timestamp,Market_Reference_Timestamp,Instrument,status,Universe_Layer,Cluster_Tags,W1_Bias,D1_Bias,Price_Side_vs_D1_Range,Alignment,Liquidity_Condition,Sweep_Quality,Liquidity_Side,Liquidity_Tier,Liquidity_Reference_Type,Rejection_Quality,Follow_Through,Both_Sides_Taken_Recently,Displacement_Quality,MSS_BOS,Array_Quality,Session_Quality,RS_RW_Alignment,SMT_Hint,Pivot_Regime,Pivot_Zone_Fit,Pivot_Confluence,Pivot_Conflict,Pivot_Stretch,Technical_Score_0_4,Legacy_Confidence_Score,Legacy_Confidence_Band,Confidence_Score,Confidence_Band,Technical_Quality_Score_10,Execution_Realism_Score_10,Calibrated_Confidence_Score_10,Selection_Score,Final_Rank_Score,Data_Quality,Entry_Label,Preferred_Side,Best_Entry,Structural_Entry,Calibration_Entry,Entry_Distance_ATR,SL,TP1,TP2,Current_Price,ATR_H1,RR_TP1,RR_TP2,Execution_Line,Execution_Source,Setup_Archetype,Decision_Book,Live_Gate_Passed,Calibration_Gate_Passed,Gate_Passed,Gate_Fail_Reasons,Decision_Setup_Quality,Decision_Execution_Quality,Decision_Portfolio_Fit,Decision_Rank_Score,Base_Ranking_Score,Overlap_Penalty,Ranking_Score,Calibration_Soft_Candidate,Calibration_Candidate_Bucket,Soft_Candidate,Soft_Fail_Adjustment,Continuation_Subquality,Continuation_Elite_Eligible,Context_Quality_Score_10,Trigger_Quality_Score_10,Conflict_Penalty_Score_10,Opportunity_Score_10,Balance_Score_10,Kill_Switch_Score_10,False_Positive_Risk_Score_10,Archetype_Tax_Score_10,Survivability_Score_10,Asymmetry_Score_10,Calibration_Utility_Score_10,Radical_Confidence_Score_10,Admission_Class,Override_Reason,Shortlist_Eligibility,Admission_Binding_Status,Selection_Lane,Leakage_Penalty_Score,Veto_Flag,Veto_Reasons,Selector_Profile,Fragility_Reason,Idea_Family,Survivor_Score,Tournament_Pool,Tournament_Pool_Display,Tournament_Pool_Eligible,Local_Pool_Score,Tournament_Finalist_Flag,Shortlist_Slot_Name,Shortlist_Slot_Order,Crowding_Block_Reason,Selection_Passed_Over_For_Diversity,Comparative_Edge_Score_10,Comparator_Floor_Score_10,Dominance_Score_10,Primary_Shortlist_Flag,Primary_Override_Flag,Shadow_Watchlist_Flag,Shadow_Watchlist_Reason,Shadow_Watchlist_Order,In_Top_Shortlist,Setup_Quality_Grade_10,Setup_Quality_Grade_100,Setup_Quality_Band,Prediction_Top_Strengths,Prediction_Main_Risks,Prediction_Breakdown,Prediction_Score_Version,Prediction_Uses_Only_Contemporaneous_Inputs,Prediction_Forbidden_Field_Leak,Prediction_Input_Fingerprint,Prediction_Integrity_Status,Prediction_Rank
2026-04-29,2026-04-29 14:43:05,1970-01-01 00:00:00.000000698,USDCHF,OK,Layer 1 — Core execution universe,"CHF haven cluster, HTF aligned, USD basket, USD strength",BULLISH,BULLISH,premium,aligned,external liquidity taken,sweep + close back inside range,sell-side,minor,swing low,strong rejection,clean follow-through,True,strong displacement,clear MSS/BOS,good,acceptable but not ideal,clear alignment,none,daily: bullish above pivot | weekly: bullish above pivot,price in neutral zone,mixed confluence,no meaningful pivot conflict,not stretched,3.05,0.99,high,0.598,medium,9.35,6.85,5.98,-5.5465,-5.5205,good,B-tier reactive setup,LONG,0.7902,0.7815,0.7902,0.06,0.7896,0.7909,0.7915,0.7913,0.0008,1.1667,2.1667,Buy-limit: 0.7902 | SL: 0.7896 | TP1: 0.7909 | TP2: 0.7915 | RR1: 1.1667 | RR2: 2.1667,zone,reversal_after_sweep,A-book,True,True,True,,4.0,2.2,0.0,-8.4509,-8.4609,0.0,-5.5205,False,hard_pass,False,0.0,0.0,False,7.55,7.85,0.0,4.65,9.1,0.0,4.6,2.2,7.15,8.9,5.3,5.98,blocked,gatepass_primary_block,blocked,blocked_gatepass,blocked_gatepass,3.0,False,,v5.5_prediction_ready_selector,,reversal_after_sweep|no_theme|LONG|nonusd,4.5575,radical_board,Radical board,radical_board,-8.4509,False,,,,,5.86,2.0,4.7,False,False,False,,,False,5.53,55.3,B,"asymmetry 8.9, trigger 7.8, context 7.5","gate_pressure 7.7, false_positive_risk 4.6","LONG reversal_after_sweep; strengths: asymmetry 8.9, trigger 7.8, context 7.5; risks: gate_pressure 7.7, false_positive_risk 4.6; admission: blocked / blocked_gatepass",v5.5_prediction_quality_v2,True,False,822fc6d1158b4d6a,clean_contemporaneous_only,1
2026-04-29,2026-04-29 14:43:05,1970-01-01 00:00:00.000000698,EURUSD,OK,Layer 1 — Core execution universe,"EUR weakness, HTF aligned, USD basket, USD weakness",BEARISH,BEARISH,discount,aligned,external liquidity taken,sweep + close back inside range,buy-side,minor,swing high,moderate rejection,clean follow-through,True,moderate displacement,clear MSS/BOS,weak,acceptable but not ideal,mixed,none,daily: bearish below pivot | weekly: bearish below pivot,price in neutral zone,mixed confluence,no meaningful pivot conflict,not stretched,2.05,0.85,medium,0.581,medium,8.1,9.97,5.81,-4.9048,-4.8414,good,D-tier avoid,SHORT,1.1695,1.1696,1.1695,0.021,1.171,1.1677,1.1664,1.1688,0.0009,1.2,2.0667,Sell-limit: 1.1695 | SL: 1.171 | TP1: 1.1677 | TP2: 1.1664 | RR1: 1.2 | RR2: 2.0667,fallback,continuation,B-book,False,True,True,d_tier,3.45,3.45,0.0,-9.3487,-9.3587,0.0,-4.8414,True,hard_pass,True,-0.25,0.42,True,7.55,6.7,1.6,6.8,7.06,3.9,3.8,3.0,6.73,8.4,6.9,5.81,blocked,gatepass_primary_block,blocked,blocked_gatepass,blocked_gatepass,3.0,False,,v5.5_prediction_ready_selector,bbook_plus_fail,continuation|no_theme|SHORT|nonusd|strong,4.8045,radical_board,Radical board,radical_board,-9.3487,False,,,,,7.96,6.67,7.57,False,False,False,,,False,4.94,49.4,C,"execution 10.0, asymmetry 8.4, dominance 7.6","gate_pressure 11.8, kill_switch 3.9","SHORT continuation; strengths: execution 10.0, asymmetry 8.4, dominance 7.6; risks: gate_pressure 11.8, kill_switch 3.9; admission: blocked / blocked_gatepass",v5.5_prediction_quality_v2,True,False,3e9da50e68d837c9,clean_contemporaneous_only,2
2026-04-29,2026-04-29 14:43:05,1970-01-01 00:00:00.000000698,AUDNZD,OK,Layer 2 — Relative-value crosses,"HTF aligned, commodity bloc",BULLISH,BULLISH,premium,aligned,external liquidity taken,sweep + close back inside range,buy-side,minor,swing high,moderate rejection,clean follow-through,True,moderate displacement,partial shift,good,acceptable but not ideal,clear alignment,none,daily: bullish above pivot | weekly: bullish above pivot,price in neutral zone,mixed confluence,no meaningful pivot conflict,not stretched,2.4,0.75,medium,0.416,low,8.0,10.0,4.16,-9.4549,-9.5109,good,B-tier reactive setup,LONG,1.2215,1.2127,1.2215,0.082,1.2206,1.2227,1.2236,1.221,0.0013,1.3333,2.3333,Buy-limit: 1.2215 | SL: 1.2206 | TP1: 1.2227 | TP2: 1.2236 | RR1: 1.3333 | RR2: 2.3333,zone,relative_value_continuation,A-book,True,True,True,,3.4,3.8,0.0,-10.4811,-10.4211,0.0,-9.5109,False,hard_pass,False,0.0,0.0,False,7.55,6.0,0.0,3.95,6.4,0.0,6.7,7.2,6.83,8.4,3.4,4.16,blocked,relval_hard_block,blocked,blocked_relval,blocked_relval,3.0,False,,v5.5_prediction_ready_selector,,relval|no_theme|LONG|nonusd,3.4445,radical_board,Radical board,radical_board,-10.4811,False,,,,,1.99,0.5,1.54,False,False,False,,,False,4.14,41.4,C,"execution 10.0, asymmetry 8.4, context 7.5","gate_pressure 7.7, archetype_tax 7.2","LONG relative_value_continuation; strengths: execution 10.0, asymmetry 8.4, context 7.5; risks: gate_pressure 7.7, archetype_tax 7.2; admission: blocked / blocked_relval",v5.5_prediction_quality_v2,True,False,c8a0749ee2ecf221,clean_contemporaneous_only,3
2026-04-29,2026-04-29 14:43:05,1970-01-01 00:00:00.000000698,AUDCHF,OK,Layer 2 — Relative-value crosses,"CHF haven cluster, HTF aligned, commodity bloc",BULLISH,BULLISH,premium,aligned,external liquidity taken,sweep + close back inside range,sell-side,minor,swing low,strong rejection,clean follow-through,True,strong displacement,partial shift,weak,acceptable but not ideal,clear alignment,none,daily: bearish below pivot | weekly: bullish above pivot,price in neutral zone,mixed confluence,mild pivot conflict,not stretched,1.85,0.95,high,0.512,low,8.35,10.0,5.12,-8.0407,-8.0847,good,D-tier avoid,LONG,0.564,0.5593,0.564,0.069,0.5636,0.5645,0.565,0.5641,0.0007,1.25,2.5,Buy-limit: 0.564 | SL: 0.5636 | TP1: 0.5645 | TP2: 0.565 | RR1: 1.25 | RR2: 2.5,zone,relative_value_continuation,B-book,False,True,True,d_tier,3.15,3.8,0.0,-10.82,-10.76,0.0,-8.0847,True,hard_pass,True,-0.25,0.0,False,6.95,7.15,1.6,5.75,7.25,3.9,6.1,7.2,6.82,8.9,5.9,5.12,blocked,relval_hard_block,blocked,blocked_relval,blocked_relval,3.0,False,,v5.5_prediction_ready_selector,bbook_plus_fail,relval|no_theme|LONG|nonusd,4.088,radical_board,Radical board,radical_board,-10.82,False,,,,,5.43,2.0,4.4,False,False,False,,,False,4.02,40.2,C,"execution 10.0, asymmetry 8.9, trigger 7.2","gate_pressure 11.8, archetype_tax 7.2","LONG relative_value_continuation; strengths: execution 10.0, asymmetry 8.9, trigger 7.2; risks: gate_pressure 11.8, archetype_tax 7.2; admission: blocked / blocked_relval",v5.5_prediction_quality_v2,True,False,ff29a9383c588bae,clean_contemporaneous_only,4
2026-04-29,2026-04-29 14:43:05,1970-01-01 00:00:00.000000698,EURCHF,OK,Layer 1 — Core execution universe,"CHF haven cluster, EUR relative-value cluster, HTF aligned",BULLISH,BULLISH,premium,aligned,external liquidity taken,sweep + close back inside range,sell-side,major,swing low,strong rejection,clean follow-through,True,moderate displacement,partial shift,weak,acceptable but not ideal,clear alignment,none,daily: bullish above pivot | weekly: bullish above pivot,price in neutral zone,mixed confluence,no meaningful pivot conflict,not stretched,1.85,0.85,medium,0.513,low,8.65,8.72,5.13,-7.8561,-7.8948,good,D-tier avoid,LONG,0.924,0.918,0.924,0.056,0.9233,0.9249,0.9255,0.9248,0.0007,1.2857,2.1429,Buy-limit: 0.924 | SL: 0.9233 | TP1: 0.9249 | TP2: 0.9255 | RR1: 1.2857 | RR2: 2.1429,zone,relative_value_continuation,B-book,False,True,True,d_tier,3.25,2.95,0.0,-10.6792,-10.6192,0.0,-7.8948,True,hard_pass,True,-0.25,0.0,False,7.85,6.5,1.6,5.75,8.0,3.9,5.4,7.2,6.49,8.9,5.9,5.13,blocked,relval_hard_block,blocked,blocked_relval,blocked_relval,3.0,False,,v5.5_prediction_ready_selector,bbook_plus_fail,relval|no_theme|LONG|nonusd,4.0485,radical_board,Radical board,radical_board,-10.6792,False,,,,,5.34,2.67,4.54,False,False,False,,,False,3.98,39.8,D,"asymmetry 8.9, execution 8.7, context 7.8","gate_pressure 11.8, archetype_tax 7.2","LONG relative_value_continuation; strengths: asymmetry 8.9, execution 8.7, context 7.8; risks: gate_pressure 11.8, archetype_tax 7.2; admission: blocked / blocked_relval",v5.5_prediction_quality_v2,True,False,d90bdb3800c0a612,clean_contemporaneous_only,5
2026-04-29,2026-04-29 14:43:05,1970-01-01 00:00:00.000000698,EURAUD,OK,Layer 2 — Relative-value crosses,"EUR relative-value cluster, EUR weakness, HTF aligned, commodity bloc",BEARISH,BEARISH,discount,aligned,external liquidity taken,clean sweep only,buy-side,minor,swing high,moderate rejection,clean follow-through,True,strong displacement,partial shift,weak,acceptable but not ideal,clear alignment,none,daily: bullish above pivot | weekly: bearish below pivot,price in neutral zone,mixed confluence,mild pivot conflict,moderately stretched,2.05,0.85,medium,0.493,low,7.95,9.97,4.93,-8.2806,-8.3246,good,D-tier avoid,SHORT,1.6385,1.6386,1.6385,0.032,1.641,1.6354,1.6331,1.6394,0.0019,1.24,2.16,Sell-limit: 1.6385 | SL: 1.641 | TP1: 1.6354 | TP2: 1.6331 | RR1: 1.24 | RR2: 2.16,fallback,relative_value_continuation,B-book,False,True,True,d_tier,2.9,3.45,0.0,-10.8837,-10.8237,0.0,-8.3246,True,hard_pass,True,-0.25,0.0,False,6.95,6.65,1.6,5.75,7.01,3.9,6.1,7.2,6.57,8.4,5.9,4.93,blocked,relval_hard_block,blocked,blocked_relval,blocked_relval,3.0,False,,v5.5_prediction_ready_selector,bbook_plus_fail,relval|no_theme|SHORT|nonusd,3.9255,radical_board,Radical board,radical_board,-10.8837,False,,,,,5.04,2.0,4.13,False,False,False,,,False,3.8,38.0,D,"execution 10.0, asymmetry 8.4, context 7.0","gate_pressure 11.8, archetype_tax 7.2","SHORT relative_value_continuation; strengths: execution 10.0, asymmetry 8.4, context 7.0; risks: gate_pressure 11.8, archetype_tax 7.2; admission: blocked / blocked_relval",v5.5_prediction_quality_v2,True,False,12a4e3003e0fdf2c,clean_contemporaneous_only,6
2026-04-29,2026-04-29 14:43:05,1970-01-01 00:00:00.000000698,EURJPY,OK,Layer 1 — Core execution universe,"EUR relative-value cluster, HTF aligned, JPY cluster",BULLISH,BULLISH,premium,aligned,external liquidity taken,clean sweep only,buy-side,major,swing high,weak/no rejection,limited follow-through,True,moderate displacement,partial shift,weak,acceptable but not ideal,mixed,none,daily: bullish above pivot | weekly: bullish above pivot,price in neutral zone,mixed confluence,no meaningful pivot conflict,not stretched,1.35,0.75,medium,0.488,low,6.95,10.0,4.88,-8.4319,-8.4813,good,D-tier avoid,LONG,187.209,186.501,187.209,0.063,186.998,187.465,187.664,187.22,0.121,1.2133,2.1564,Buy-limit: 187.209 | SL: 186.998 | TP1: 187.465 | TP2: 187.664 | RR1: 1.2133 | RR2: 2.1564,zone,continuation,B-book,False,True,True,d_tier,2.7,3.8,0.0,-10.2711,-10.2111,0.0,-8.4813,True,hard_pass,True,-0.25,0.05,True,7.5,5.2,1.6,6.35,5.41,3.9,4.6,3.8,5.61,7.2,6.9,4.88,blocked,gatepass_primary_block,blocked,blocked_gatepass,blocked_gatepass,3.0,False,,v5.5_prediction_ready_selector,bbook_plus_fail,continuation|no_theme|LONG|nonusd|normal,3.8765,radical_board,Radical board,radical_board,-10.2711,False,,,,,3.55,1.33,2.88,False,False,False,,,False,3.77,37.7,D,"execution 10.0, context 7.5, asymmetry 7.2","gate_pressure 11.8, false_positive_risk 4.6","LONG continuation; strengths: execution 10.0, context 7.5, asymmetry 7.2; risks: gate_pressure 11.8, false_positive_risk 4.6; admission: blocked / blocked_gatepass",v5.5_prediction_quality_v2,True,False,135dca58e299cf5d,clean_contemporaneous_only,7
2026-04-29,2026-04-29 14:43:05,1970-01-01 00:00:00.000000698,GBPUSD,OK,Layer 1 — Core execution universe,"HTF conflict, USD basket, USD weakness",BULLISH,BEARISH,discount,full conflict,external liquidity taken,clean sweep only,sell-side,major,swing low,moderate rejection,limited follow-through,False,weak / no displacement,partial shift,good,acceptable but not ideal,mixed,none,daily: bearish below pivot | weekly: bearish below pivot,price in neutral zone,mixed confluence,no meaningful pivot conflict,not stretched,0.95,0.75,medium,0.36,low,3.9,6.85,3.6,0.4956,0.4463,good,B-tier reactive setup,SHORT,1.3493,1.3543,1.3493,0.027,1.3504,1.3481,1.3471,1.3478,0.0011,1.0909,2.0,Sell-limit: 1.3493 | SL: 1.3504 | TP1: 1.3481 | TP2: 1.3471 | RR1: 1.0909 | RR2: 2.0,zone,continuation,Rejected,False,False,False,weak_impulse,0.85,2.2,0.0,-1.0559,-0.9959,0.0,0.4463,False,hard_reject,False,0.0,0.31,False,5.1,4.45,4.1,6.35,7.23,5.0,2.9,3.0,3.11,7.8,7.35,3.6,eligible,,primary,primary_eligible,primary_not_selected,0.0,False,,v5.5_prediction_ready_selector,hard_reject,continuation|no_theme|SHORT|nonusd|strong,2.7665,radical_board,Radical board,radical_board,-1.0559,False,,,,,2.91,1.33,2.44,False,False,False,,,False,3.68,36.8,D,"asymmetry 7.8, utility 7.3, execution 6.8","kill_switch 5.0, conflict 4.1","SHORT continuation; strengths: asymmetry 7.8, utility 7.3, execution 6.8; risks: kill_switch 5.0, conflict 4.1; admission: eligible / primary_not_selected",v5.5_prediction_quality_v2,True,False,9feafa62b2f09c3b,clean_contemporaneous_only,8
2026-04-29,2026-04-29 14:43:05,1970-01-01 00:00:00.000000698,GBPCAD,OK,Layer 2 — Relative-value crosses,"HTF conflict, commodity bloc",BULLISH,BEARISH,discount,full conflict,external liquidity taken,clean sweep only,sell-side,major,swing low,moderate rejection,clean follow-through,True,strong displacement,partial shift,weak,acceptable but not ideal,mixed,none,daily: bearish below pivot | weekly: bearish below pivot,price in neutral zone,mixed confluence,no meaningful pivot conflict,not stretched,1.75,0.85,medium,0.432,low,5.9,9.97,4.32,-7.9302,-7.9688,good,D-tier avoid,SHORT,1.8471,1.8472,1.8471,0.053,1.8494,1.8443,1.8421,1.8463,0.0013,1.2174,2.1739,Sell-limit: 1.8471 | SL: 1.8494 | TP1: 1.8443 | TP2: 1.8421 | RR1: 1.2174 | RR2: 2.1739,fallback,continuation,B-book,False,True,True,d_tier,1.75,3.45,0.0,-10.7152,-10.6552,0.0,-7.9688,True,hard_pass,True,-0.25,0.37,True,5.45,6.65,4.6,6.8,5.77,6.1,3.8,3.0,4.59,8.4,6.9,4.32,blocked,gatepass_primary_block,blocked,blocked_gatepass,blocked_gatepass,3.0,False,,v5.5_prediction_ready_selector,bbook_plus_fail,continuation|no_theme|SHORT|nonusd|strong,3.4135,radical_board,Radical board,radical_board,-10.7152,False,,,,,5.26,2.67,4.48,False,False,False,,,False,3.39,33.9,D,"execution 10.0, asymmetry 8.4, utility 6.9","gate_pressure 11.8, kill_switch 6.1","SHORT continuation; strengths: execution 10.0, asymmetry 8.4, utility 6.9; risks: gate_pressure 11.8, kill_switch 6.1; admission: blocked / blocked_gatepass",v5.5_prediction_quality_v2,True,False,4ad9700abb5d6c34,clean_contemporaneous_only,9
2026-04-29,2026-04-29 14:43:05,1970-01-01 00:00:00.000000698,USDJPY,OK,Layer 1 — Core execution universe,"HTF aligned, JPY cluster, USD basket, USD strength",BULLISH,BULLISH,premium,aligned,external liquidity taken,clean sweep only,buy-side,major,swing high,weak/no rejection,limited follow-through,False,strong displacement,partial shift,weak,acceptable but not ideal,clear alignment,none,daily: bullish above pivot | weekly: bullish above pivot,price in neutral zone,mixed confluence,no meaningful pivot conflict,not stretched,2.05,0.85,medium,0.441,low,8.2,8.72,4.41,-9.9255,-9.9802,good,D-tier avoid,LONG,160.111,160.102,160.111,0.054,159.91,160.354,160.543,160.182,0.1,1.209,2.1493,Buy-limit: 160.111 | SL: 159.91 | TP1: 160.354 | TP2: 160.543 | RR1: 1.209 | RR2: 2.1493,fallback,relative_value_continuation,B-book,False,True,True,d_tier,3.25,2.95,0.0,-11.0562,-10.9962,0.0,-9.9802,True,hard_pass,True,-0.25,0.0,False,7.5,5.85,1.6,5.75,7.42,3.9,6.2,7.2,5.97,7.2,5.9,4.41,blocked,relval_hard_block,blocked,blocked_relval,blocked_relval,3.0,False,,v5.5_prediction_ready_selector,bbook_plus_fail,relval|no_theme|LONG|nonusd,3.5105,radical_board,Radical board,radical_board,-11.0562,False,,,,,2.17,0.67,1.72,False,False,False,,,False,3.16,31.6,D,"execution 8.7, context 7.5, asymmetry 7.2","gate_pressure 11.8, archetype_tax 7.2","LONG relative_value_continuation; strengths: execution 8.7, context 7.5, asymmetry 7.2; risks: gate_pressure 11.8, archetype_tax 7.2; admission: blocked / blocked_relval",v5.5_prediction_quality_v2,True,False,4b024cdefef4de89,clean_contemporaneous_only,10
2026-04-29,2026-04-29 14:43:05,1970-01-01 00:00:00.000000698,EURGBP,OK,Layer 1 — Core execution universe,"EUR relative-value cluster, HTF conflict",BEARISH,BULLISH,discount,full conflict,external liquidity taken,sweep + close back inside range,sell-side,minor,swing low,moderate rejection,clean follow-through,True,strong displacement,clear MSS/BOS,weak,acceptable but not ideal,mixed,none,daily: bullish above pivot | weekly: bearish below pivot,price in buy zone,daily only,mild pivot conflict,not stretched,2.0,0.95,high,0.385,low,5.65,8.72,3.85,-8.4316,-8.4756,good,D-tier avoid,LONG,0.8667,0.8672,0.8667,0.019,0.866,0.8675,0.8682,0.8672,0.0005,1.1429,2.1429,Buy-limit: 0.8667 | SL: 0.866 | TP1: 0.8675 | TP2: 0.8682 | RR1: 1.1429 | RR2: 2.1429,zone,continuation,B-book,False,True,True,d_tier,1.75,2.95,0.0,-10.8793,-10.8193,0.0,-8.4756,True,hard_pass,True,-0.25,0.28,True,4.55,7.35,4.6,6.8,5.68,6.1,3.8,3.0,3.89,8.4,6.9,3.85,blocked,gatepass_primary_block,blocked,blocked_gatepass,blocked_gatepass,3.0,False,,v5.5_prediction_ready_selector,bbook_plus_fail,continuation|no_theme|LONG|nonusd|strong,2.9585,radical_board,Radical board,radical_board,-10.8793,False,,,,,4.7,2.0,3.89,False,False,False,,,False,3.08,30.8,D,"execution 8.7, asymmetry 8.4, trigger 7.3","gate_pressure 11.8, kill_switch 6.1","LONG continuation; strengths: execution 8.7, asymmetry 8.4, trigger 7.3; risks: gate_pressure 11.8, kill_switch 6.1; admission: blocked / blocked_gatepass",v5.5_prediction_quality_v2,True,False,8bed4e8dbde6626a,clean_contemporaneous_only,11
2026-04-29,2026-04-29 14:43:05,1970-01-01 00:00:00.000000698,GBPJPY,OK,Layer 1 — Core execution universe,"HTF aligned, JPY cluster",BULLISH,BULLISH,premium,aligned,external liquidity taken,clean sweep only,buy-side,major,swing high,moderate rejection,limited follow-through,True,weak / no displacement,partial shift,weak,acceptable but not ideal,mixed,none,daily: bullish above pivot | weekly: bullish above pivot,price in neutral zone,mixed confluence,no meaningful pivot conflict,not stretched,0.9,0.75,medium,0.38,low,6.3,8.72,3.8,-9.702,-9.7514,good,D-tier avoid,LONG,216.003,215.992,216.003,0.045,215.733,216.331,216.586,215.898,0.147,1.2148,2.1593,Buy-limit: 216.003 | SL: 215.733 | TP1: 216.331 | TP2: 216.586 | RR1: 1.2148 | RR2: 2.1593,fallback,continuation,B-book,False,True,True,"d_tier, weak_impulse",2.05,2.95,0.0,-11.1948,-11.1348,0.0,-9.7514,True,hard_pass,True,-0.45,0.27,True,7.5,4.45,2.7,6.8,5.55,6.7,3.8,3.0,4.14,7.8,6.9,3.8,blocked,gatepass_primary_block,blocked,blocked_gatepass,blocked_gatepass,3.0,False,,v5.5_prediction_ready_selector,bbook_plus_fail,continuation|no_theme|LONG|nonusd|strong,3.121,radical_board,Radical board,radical_board,-11.1948,False,,,,,2.78,1.33,2.35,False,False,False,,,False,3.01,30.1,D,"execution 8.7, asymmetry 7.8, context 7.5","gate_pressure 11.8, kill_switch 6.7","LONG continuation; strengths: execution 8.7, asymmetry 7.8, context 7.5; risks: gate_pressure 11.8, kill_switch 6.7; admission: blocked / blocked_gatepass",v5.5_prediction_quality_v2,True,False,a079ffcdcff6c6bd,clean_contemporaneous_only,12
2026-04-29,2026-04-29 14:43:05,1970-01-01 00:00:00.000000698,USDCAD,OK,Layer 1 — Core execution universe,"HTF conflict, USD basket, USD strength, commodity bloc",BEARISH,BULLISH,premium,full conflict,external liquidity taken,sweep + close back inside range,sell-side,minor,swing low,strong rejection,clean follow-through,True,strong displacement,clear MSS/BOS,good,acceptable but not ideal,clear alignment,none,daily: bullish above pivot | weekly: bullish above pivot,price in neutral zone,mixed confluence,no meaningful pivot conflict,not stretched,2.8,0.99,high,0.22,low,6.75,9.97,2.2,-9.6152,-9.6699,good,B-tier reactive setup,LONG,1.3693,1.3642,1.3693,0.051,1.3682,1.3706,1.3716,1.3699,0.001,1.1818,2.0909,Buy-limit: 1.3693 | SL: 1.3682 | TP1: 1.3706 | TP2: 1.3716 | RR1: 1.1818 | RR2: 2.0909,zone,continuation,A-book,False,True,True,full_conflict,3.05,3.45,0.0,-11.0716,-11.0116,0.0,-9.6699,False,hard_pass,False,0.0,0.64,True,5.15,7.85,3.0,2.8,5.37,4.2,4.6,3.0,4.81,8.9,2.2,2.2,blocked,hard_reject,blocked,blocked_hard,blocked_hard,3.0,False,,v5.5_prediction_ready_selector,,continuation|no_theme|LONG|nonusd|strong,2.4165,radical_board,Radical board,radical_board,-11.0716,False,,,,,2.89,0.67,2.22,False,False,False,,,False,2.08,20.8,E,"execution 10.0, asymmetry 8.9, trigger 7.8","gate_pressure 17.7, false_positive_risk 4.6","LONG continuation; strengths: execution 10.0, asymmetry 8.9, trigger 7.8; risks: gate_pressure 17.7, false_positive_risk 4.6; admission: blocked / blocked_hard",v5.5_prediction_quality_v2,True,False,4b821ef58080aa41,clean_contemporaneous_only,13
2026-04-29,2026-04-29 14:43:05,1970-01-01 00:00:00.000000698,AUDUSD,OK,Layer 1 — Core execution universe,"HTF conflict, USD basket, USD weakness, commodity bloc",BULLISH,BEARISH,discount,full conflict,external liquidity taken,sweep + close back inside range,buy-side,minor,swing high,strong rejection,clean follow-through,True,strong displacement,clear MSS/BOS,good,acceptable but not ideal,no clear alignment,none,daily: bearish below pivot | weekly: bearish below pivot,price in neutral zone,mixed confluence,no meaningful pivot conflict,moderately stretched,1.9,0.99,high,0.218,low,6.75,8.72,2.18,-9.642,-9.6967,good,B-tier reactive setup,SHORT,0.7138,0.7167,0.7138,0.067,0.7144,0.7131,0.7125,0.713,0.001,1.1667,2.1667,Sell-limit: 0.7138 | SL: 0.7144 | TP1: 0.7131 | TP2: 0.7125 | RR1: 1.1667 | RR2: 2.1667,zone,continuation,A-book,False,True,True,full_conflict,3.05,2.95,0.0,-11.0794,-11.0194,0.0,-9.6967,False,hard_pass,False,0.0,0.4,True,5.15,7.85,3.0,2.8,6.49,4.2,4.6,3.0,4.68,8.9,2.2,2.18,blocked,hard_reject,blocked,blocked_hard,blocked_hard,3.0,False,,v5.5_prediction_ready_selector,,continuation|no_theme|SHORT|nonusd|strong,2.332,radical_board,Radical board,radical_board,-11.0794,False,,,,,2.85,0.67,2.19,False,False,False,,,False,1.98,19.8,E,"asymmetry 8.9, execution 8.7, trigger 7.8","gate_pressure 17.7, false_positive_risk 4.6","SHORT continuation; strengths: asymmetry 8.9, execution 8.7, trigger 7.8; risks: gate_pressure 17.7, false_positive_risk 4.6; admission: blocked / blocked_hard",v5.5_prediction_quality_v2,True,False,136c75d468651c65,clean_contemporaneous_only,14
2026-04-29,2026-04-29 14:43:05,1970-01-01 00:00:00.000000698,NZDCAD,OK,Layer 2 — Relative-value crosses,"HTF aligned, commodity bloc",BULLISH,BULLISH,discount,aligned,external liquidity taken,clean sweep only,sell-side,minor,swing low,weak/no rejection,limited follow-through,True,weak / no displacement,partial shift,weak,acceptable but not ideal,mixed,none,daily: bearish below pivot | weekly: bearish below pivot,price in buy zone,daily only,strong pivot conflict,moderately stretched,0.0,0.6,low,0.14,low,3.85,10.0,1.4,-12.078,-12.134,good,D-tier avoid,LONG,0.7997,0.8037,0.7997,0.049,0.7991,0.8005,0.8011,0.7999,0.001,1.3333,2.3333,Buy-limit: 0.7997 | SL: 0.7991 | TP1: 0.8005 | TP2: 0.8011 | RR1: 1.3333 | RR2: 2.3333,zone,continuation,Rejected,False,False,False,"d_tier, weak_impulse",0.7,3.8,0.0,-12.7199,-12.6599,0.0,-12.134,False,hard_reject,False,0.0,-0.35,False,5.65,3.65,4.9,5.9,3.32,8.5,4.5,3.4,2.03,7.2,7.35,1.4,blocked,kill_switch_block,blocked,blocked_kill,blocked_kill,3.0,True,kill_switch_block,v5.5_prediction_ready_selector,hard_reject,continuation|no_theme|LONG|nonusd|normal,1.6645,radical_board,Radical board,radical_board,-12.7199,False,,,,,1.14,0.5,0.95,False,False,False,,,False,0.92,9.2,E,"execution 10.0, utility 7.3, asymmetry 7.2","gate_pressure 16.8, kill_switch 8.5","LONG continuation; strengths: execution 10.0, utility 7.3, asymmetry 7.2; risks: gate_pressure 16.8, kill_switch 8.5; admission: blocked / blocked_kill",v5.5_prediction_quality_v2,True,False,ee6c2a6f7d277dcd,clean_contemporaneous_only,15
2026-04-29,2026-04-29 14:43:05,1970-01-01 00:00:00.000000698,CADJPY,OK,Layer 1 — Core execution universe,"HTF conflict, JPY cluster, commodity bloc, risk-off short",BULLISH,BEARISH,premium,full conflict,external liquidity taken,clean sweep only,buy-side,major,swing high,moderate rejection,limited follow-through,True,strong displacement,partial shift,weak,acceptable but not ideal,mixed,none,daily: bullish above pivot | weekly: bullish above pivot,price in sell zone,daily + weekly aligned,strong pivot conflict,not stretched,1.2,0.7,medium,0.0,low,4.4,9.6,0.0,-12.3847,-12.4407,good,D-tier avoid,SHORT,116.954,116.409,116.954,0.008,117.139,116.73,116.555,116.932,0.079,1.2108,2.1568,Sell-limit: 116.954 | SL: 117.139 | TP1: 116.73 | TP2: 116.555 | RR1: 1.2108 | RR2: 2.1568,zone,continuation,Reserve,False,False,False,"d_tier, stacked_conflict",0.9,3.3,0.0,-13.1704,-13.1104,0.0,-12.4407,False,hard_reject,False,0.0,0.01,False,3.55,6.65,9.3,5.9,3.54,9.7,3.8,3.4,0.88,7.8,7.95,0.0,blocked,kill_switch_block,blocked,blocked_kill,blocked_kill,3.0,True,kill_switch_block,v5.5_prediction_ready_selector,hard_reject,continuation|no_theme|SHORT|nonusd|normal,1.212,radical_board,Radical board,radical_board,-13.1704,False,,,,,1.46,0.5,1.17,False,False,False,,,False,0.34,3.4,E,"execution 9.6, utility 8.0, asymmetry 7.8","gate_pressure 16.8, kill_switch 9.7","SHORT continuation; strengths: execution 9.6, utility 8.0, asymmetry 7.8; risks: gate_pressure 16.8, kill_switch 9.7; admission: blocked / blocked_kill",v5.5_prediction_quality_v2,True,False,eddf0b1392ab569e,clean_contemporaneous_only,16
